{"batch/cell": 1, "Average batch loss": 10.412740478515625, "_timestamp": 1701800013.4828684, "_runtime": 6.355853319168091, "_step": 1, "_wandb": {"runtime": 7}}